uname,epoch,acc,loss
kd_MRPC_nlayer.3_lr.2e-05_T.10.0_alpha.0.0_beta.0.0_bs.32-run-1,2.0,0.7573529411764706,0.60595703125
kd_SST-2_nlayer.3_lr.2e-05_T.10.0_alpha.0.0_beta.0.0_bs.32-run-2,4.0,0.8807339449541285,0.5370505196707589
kd_RTE_nlayer.3_lr.5e-05_T.10.0_alpha.0.0_beta.0.0_bs.32-run-1,2.0,0.5992779783393501,0.8106553819444444
kd_MNLI_nlayer.3_lr.5e-05_T.10.0_alpha.0.0_beta.0.0_bs.32-run-2,2.0,0.7508914926133469,0.6414886375203583
kd_QNLI_nlayer.3_lr.2e-05_T.10.0_alpha.0.0_beta.0.0_bs.32-run-1,2.0,0.8447739337360425,0.3728491353709795
kd_QQP_nlayer.3_lr.5e-05_T.10.0_alpha.0.0_beta.0.0_bs.32-run-2,4.0,0.8892406628741034,0.6155030278465415
kd_MNLI-mm_nlayer.3_lr.5e-05_T.10.0_alpha.0.0_beta.0.0_bs.32-run-2,2.0,0.7508914926133469,0.6414886375203583
kd_race-merge_nlayer.3_lr.2e-05_T.10.0_alpha.0.0_beta.0.0_bs.32-run-1,4.0,0.4827092285655822,1.5141206900961734
