uname,epoch,acc,loss
kd_MRPC_nlayer.3_lr.2e-05_T.10.0_alpha.0.0_beta.0.0_bs.32,2.5,0.7524509803921569,0.6748422475961539
kd_SST-2_nlayer.3_lr.2e-05_T.10.0_alpha.0.0_beta.0.0_bs.32,4.0,0.875,0.5721173967633928
kd_RTE_nlayer.3_lr.5e-05_T.10.0_alpha.0.0_beta.0.0_bs.32,3.0,0.5830324909747292,1.1890190972222223
kd_MNLI_nlayer.3_lr.5e-05_T.10.0_alpha.0.0_beta.0.0_bs.32,2.0,0.7494141619969434,0.6425487008855864
kd_QNLI_nlayer.3_lr.2e-05_T.10.0_alpha.0.0_beta.0.0_bs.32,2.0,0.8419366648361706,0.37882308513797514
kd_QQP_nlayer.3_lr.5e-05_T.10.0_alpha.0.0_beta.0.0_bs.32,4.0,0.8891169923324265,0.611079380482058
kd_MNLI-mm_nlayer.3_lr.5e-05_T.10.0_alpha.0.0_beta.0.0_bs.32,2.0,0.7508914926133469,0.6414886375203583
kd_race-merge_nlayer.3_lr.2e-05_T.10.0_alpha.0.0_beta.0.0_bs.32,3.0,0.48209535502353185,1.3520788571720892
