uname,epoch,acc,loss
kd_MRPC_nlayer.6_lr.2e-05_T.10.0_alpha.0.0_beta.0.0_bs.32-run-2,3.0,0.8259803921568627,0.7034771259014423
kd_SST-2_nlayer.6_lr.5e-05_T.10.0_alpha.0.0_beta.0.0_bs.32-run-2,4.0,0.9002293577981652,0.4338585989815848
kd_RTE_nlayer.6_lr.2e-05_T.10.0_alpha.0.0_beta.0.0_bs.32-run-2,4.0,0.6678700361010831,1.1732855902777777
kd_MNLI_nlayer.6_lr.2e-05_T.10.0_alpha.0.0_beta.0.0_bs.32-run-2,2.0,0.8030565461029037,0.5218322952717834
kd_QNLI_nlayer.6_lr.5e-05_T.10.0_alpha.0.0_beta.0.0_bs.32-run-1,2.0,0.876807614863628,0.33243743718019003
kd_QQP_nlayer.6_lr.5e-05_T.10.0_alpha.0.0_beta.0.0_bs.32-run-2,4.0,0.9011872372000991,0.5798197990354104
kd_MNLI-mm_nlayer.6_lr.2e-05_T.10.0_alpha.0.0_beta.0.0_bs.32-run-2,2.0,0.8030565461029037,0.5218322952717834
kd_race-merge_nlayer.6_lr.5e-05_T.10.0_alpha.0.0_beta.0.0_bs.32-run-1,2.0,0.5618989154900758,1.148149746777164
