uname,epoch,acc,loss
kd_MRPC_nlayer.6_lr.2e-05_T.10.0_alpha.0.0_beta.0.0_bs.32,2.5,0.8223039215686274,0.5855126014122596
kd_SST-2_nlayer.6_lr.5e-05_T.10.0_alpha.0.0_beta.0.0_bs.32,3.0,0.8967889908256881,0.3766850062779018
kd_RTE_nlayer.6_lr.2e-05_T.10.0_alpha.0.0_beta.0.0_bs.32,3.0,0.6606498194945849,0.9826388888888888
kd_MNLI_nlayer.6_lr.2e-05_T.10.0_alpha.0.0_beta.0.0_bs.32,2.0,0.8023433520122262,0.5242379154366856
kd_QNLI_nlayer.6_lr.5e-05_T.10.0_alpha.0.0_beta.0.0_bs.32,2.0,0.8742449203734212,0.33380921124017726
kd_QQP_nlayer.6_lr.5e-05_T.10.0_alpha.0.0_beta.0.0_bs.32,4.0,0.9009398961167451,0.5797426283736773
kd_MNLI-mm_nlayer.6_lr.2e-05_T.10.0_alpha.0.0_beta.0.0_bs.32,2.0,0.8030565461029037,0.5218322952717834
kd_race-merge_nlayer.6_lr.5e-05_T.10.0_alpha.0.0_beta.0.0_bs.32,2.0,0.5618989154900758,1.148149746777164
