uname,epoch,acc,loss
kd_MRPC_nlayer.3_lr.5e-05_T.20.0_alpha.0.7_beta.0.0_bs.32,2.3333333333333335,0.7532679738562091,0.8223845653044871
kd_SST-2_nlayer.3_lr.2e-05_T.20.0_alpha.0.2_beta.0.0_bs.32,3.6666666666666665,0.874617737003058,0.6594180152529762
kd_RTE_nlayer.3_lr.2e-05_T.20.0_alpha.0.2_beta.0.0_bs.32,2.6666666666666665,0.5944645006016848,1.0286277488425926
kd_MNLI_nlayer.3_lr.5e-05_T.5.0_alpha.0.7_beta.0.0_bs.32,3.0,0.7564442180336219,1.1472853868714372
kd_QNLI_nlayer.3_lr.5e-05_T.20.0_alpha.0.7_beta.0.0_bs.32,3.5,0.8455976569650375,0.5646870038662737
kd_QQP_nlayer.3_lr.5e-05_T.20.0_alpha.0.7_beta.0.0_bs.32,4.0,0.8941009151620084,0.7316575629660224
kd_MNLI-mm_nlayer.3_lr.5e-05_T.5.0_alpha.0.7_beta.0.0_bs.32,2.0,0.7595517065715741,0.9008021649786238
kd_race-merge_nlayer.3_lr.5e-05_T.10.0_alpha.0.7_beta.0.0_bs.32,4.0,0.5099242889298138,1.4665706689942706
