uname,epoch,acc,loss
kd_MRPC_nlayer.3_lr.2e-05_T.5.0_alpha.0.7_beta.0.0_bs.32-run-5,2.0,0.7696078431372549,0.6635836087740384
kd_SST-2_nlayer.3_lr.5e-05_T.20.0_alpha.0.2_beta.0.0_bs.32-run-5,1.0,0.8795871559633027,0.5260576520647321
kd_RTE_nlayer.3_lr.2e-05_T.20.0_alpha.0.2_beta.0.0_bs.32-run-4,4.0,0.6101083032490975,1.1275499131944444
kd_MNLI_nlayer.3_lr.5e-05_T.5.0_alpha.0.7_beta.0.0_bs.32-run-1,2.0,0.7595517065715741,0.9008021649786238
kd_QNLI_nlayer.3_lr.2e-05_T.10.0_alpha.0.5_beta.0.0_bs.32-run-2,2.0,0.8462383305875892,0.42792800992553004
kd_QQP_nlayer.3_lr.5e-05_T.20.0_alpha.0.7_beta.0.0_bs.32-run-2,4.0,0.8945584961662132,0.7316375778917271
kd_MNLI-mm_nlayer.3_lr.5e-05_T.5.0_alpha.0.7_beta.0.0_bs.32-run-1,2.0,0.7595517065715741,0.9008021649786238
kd_race-merge_nlayer.3_lr.5e-05_T.10.0_alpha.0.7_beta.0.0_bs.32-run-1,4.0,0.5099242889298138,1.4665706689942706
