uname,epoch,acc,loss
kd_MRPC_nlayer.6_lr.2e-05_T.20.0_alpha.0.5_beta.0.0_bs.32-run-2,4.0,0.8455882352941176,0.4660256946316132
kd_SST-2_nlayer.6_lr.5e-05_T.10.0_alpha.0.5_beta.0.0_bs.32-run-1,4.0,0.9128440366972476,0.3636249415576458
kd_RTE_nlayer.6_lr.2e-05_T.10.0_alpha.0.2_beta.0.0_bs.32-run-1,3.0,0.6642599277978339,0.7173950142330594
kd_MNLI_nlayer.6_lr.2e-05_T.10.0_alpha.0.7_beta.0.0_bs.32-run-1,2.0,0.8082526744778399,0.8735270533674314
kd_MNLI-mm_nlayer.6_lr.2e-05_T.10.0_alpha.0.7_beta.0.0_bs.32-run-1,2.0,0.8082526744778399,0.8735270533674314
kd_QNLI_nlayer.6_lr.5e-05_T.20.0_alpha.0.2_beta.0.0_bs.32-run-3,2.0,0.8771737140765148,0.45122686464187
kd_QQP_nlayer.6_lr.5e-05_T.20.0_alpha.0.7_beta.0.0_bs.32-run-1,4.0,0.9028444224585704,0.5882774431249599
