uname,epoch,acc,loss
kd_MRPC_nlayer.6_lr.2e-05_T.5.0_alpha.0.5_beta.0.0_bs.32-run-1,4.0,0.7524509803921569,0.7633917033672333
kd_SST-2_nlayer.6_lr.2e-05_T.20.0_alpha.0.5_beta.0.0_bs.32-run-1,4.0,0.8922018348623854,0.38005787732877905
kd_RTE_nlayer.6_lr.1e-05_T.5.0_alpha.0.5_beta.0.0_bs.32-run-1,2.0,0.5812274368231047,0.7359303500917223
kd_MNLI_nlayer.6_lr.5e-05_T.10.0_alpha.0.2_beta.0.0_bs.32-run-1,4.0,0.758125318390219,1.411626019772955
kd_MNLI-mm_nlayer.6_lr.5e-05_T.10.0_alpha.0.2_beta.0.0_bs.32-run-1,4.0,0.758125318390219,1.411626019772955
kd_QNLI_nlayer.6_lr.5e-05_T.10.0_alpha.0.2_beta.0.0_bs.32-run-1,4.0,0.8427603880651656,0.8403893075447683
kd_QQP_nlayer.6_lr.2e-05_T.20.0_alpha.0.2_beta.0.0_bs.32-run-1,4.0,0.8804600544150384,0.6614955461781495
