uname,epoch,acc,loss
kd_MRPC_nlayer.6_lr.2e-05_T.20.0_alpha.0.5_beta.0.0_bs.32,3.5,0.8284313725490196,0.6802884615384615
kd_SST-2_nlayer.6_lr.2e-05_T.20.0_alpha.0.2_beta.0.0_bs.32,3.5,0.9076834862385321,0.46558407374790733
kd_CoLA_nlayer.6_lr.2e-05_T.5.0_alpha.0.7_beta.0.0_bs.32,3.5,0.4218819578856275,0.9151939623283618
kd_RTE_nlayer.6_lr.2e-05_T.20.0_alpha.0.7_beta.0.0_bs.32,3.0,0.6750902527075813,1.0634494357638888
kd_MNLI_nlayer.6_lr.2e-05_T.20.0_alpha.0.5_beta.0.0_bs.32,2.0,0.8078451349974528,0.7002726502061278
kd_QNLI_nlayer.6_lr.5e-05_T.20.0_alpha.0.7_beta.0.0_bs.32,4.0,0.8868753432180121,0.38834791573864674
kd_QQP_nlayer.6_lr.5e-05_T.20.0_alpha.0.7_beta.0.0_bs.32,4.0,0.9052312639129358,0.6599607845131732
kd_MNLI-mm_nlayer.6_lr.5e-05_T.10.0_alpha.0.5_beta.0.0_bs.32,2.0,0.8081507896077432,0.7274808107059243
