uname,epoch,acc,loss
kd_MRPC_nlayer.6_lr.2e-05_T.20.0_alpha.0.7_beta.0.0_bs.32-run-1,4.0,0.8480392156862745,0.6410287710336539
kd_SST-2_nlayer.6_lr.2e-05_T.20.0_alpha.0.2_beta.0.0_bs.32-run-2,4.0,0.9139908256880734,0.4500650678362165
kd_CoLA_nlayer.6_lr.2e-05_T.5.0_alpha.0.7_beta.0.0_bs.32-run-1,3.0,0.4459657666891079,0.8537625399502841
kd_RTE_nlayer.6_lr.2e-05_T.20.0_alpha.0.7_beta.0.0_bs.32-run-1,2.0,0.6750902527075813,0.9353841145833334
kd_MNLI_nlayer.6_lr.5e-05_T.10.0_alpha.0.5_beta.0.0_bs.32-run-1,2.0,0.8081507896077432,0.7274808107059243
kd_QNLI_nlayer.6_lr.5e-05_T.5.0_alpha.0.7_beta.0.0_bs.32-run-1,4.0,0.8890719384953323,0.3865497879117553
kd_QQP_nlayer.6_lr.5e-05_T.20.0_alpha.0.7_beta.0.0_bs.32-run-1,4.0,0.9058619836754884,0.6575029793702349
kd_MNLI-mm_nlayer.6_lr.5e-05_T.10.0_alpha.0.5_beta.0.0_bs.32-run-1,2.0,0.8081507896077432,0.7274808107059243
kd_race-merge_nlayer.6_lr.5e-05_T.10.0_alpha.0.7_beta.0.0_bs.32-run-1,3.0,0.602824,1.132076
