uname,epoch,acc,loss
kd_MRPC_nlayer.6_lr.2e-05_T.5.0_alpha.0.7_beta.0.0_bs.32,2.5,0.8406862745098039,0.4612369431326023
kd_SST-2_nlayer.6_lr.5e-05_T.10.0_alpha.0.5_beta.0.0_bs.32,4.0,0.9099770642201834,0.362654460527535
kd_RTE_nlayer.6_lr.2e-05_T.10.0_alpha.0.2_beta.0.0_bs.32,3.0,0.6642599277978339,0.7173950142330594
kd_MNLI_nlayer.6_lr.2e-05_T.10.0_alpha.0.7_beta.0.0_bs.32,2.0,0.8082526744778399,0.8735270533674314
kd_MNLI-mm_nlayer.6_lr.2e-05_T.10.0_alpha.0.7_beta.0.0_bs.32,2.0,0.8082526744778399,0.8735270533674314
kd_QNLI_nlayer.6_lr.2e-05_T.20.0_alpha.0.2_beta.0.0_bs.32,2.0,0.8741533955701994,0.41213433784351017
kd_QQP_nlayer.6_lr.5e-05_T.20.0_alpha.0.7_beta.0.0_bs.32,4.0,0.9028444224585704,0.5882774431249599
