uname,epoch,acc,loss
kd.cls.True_MRPC_nlayer.3_lr.5e-05_T.5.0_alpha.0.7_beta.0.1_bs.32,1.6666666666666667,0.7532679738562091,0.7462126903044872
kd.cls.True_SST-2_nlayer.3_lr.5e-05_T.20.0_alpha.0.2_beta.1.0_bs.32,4.0,0.8807339449541285,0.6145150320870536
kd.cls.False_RTE_nlayer.3_lr.2e-05_T.20.0_alpha.0.2_beta.10.0_bs.32,3.0,0.6209386281588448,1.07763671875
kd.cls.False_MNLI_nlayer.3_lr.5e-05_T.5.0_alpha.0.7_beta.1000.0_bs.32,4.0,0.7760570555272541,0.874917890815859
kd.cls.False_QNLI_nlayer.3_lr.5e-05_T.20.0_alpha.0.7_beta.100.0_bs.32,3.0,0.8563060589419733,0.5198926423725329
kd.cls.False_QQP_nlayer.3_lr.5e-05_T.20.0_alpha.0.7_beta.100.0_bs.32,4.0,0.8948305713579026,0.6895534870556639
kd.cls.False_MNLI-mm_nlayer.3_lr.5e-05_T.5.0_alpha.0.7_beta.1000.0_bs.32,4.0,0.7764645950076413,0.8798207832858306
kd.cls.False_race-merge_nlayer.3_lr.5e-05_T.10.0_alpha.0.7_beta.1000.0_bs.32,4.0,0.5129936566400655,1.272572242045222
