uname,epoch,acc,loss
kd.cls.True_MRPC_nlayer.6_lr.5e-05_T.20.0_alpha.0.5_beta.10.0_bs.32,2.0,0.7156862745098039,0.7299992487980769
kd.cls.True_SST-2_nlayer.6_lr.2e-05_T.5.0_alpha.0.5_beta.10.0_bs.32,4.0,0.8944954128440367,0.4504263741629465
kd.cls.False_RTE_nlayer.6_lr.5e-05_T.10.0_alpha.0.9_beta.50000.0_bs.32,1.0,0.5920577617328521,0.6801215277777778
kd.cls.False_MNLI_nlayer.6_lr.5e-05_T.20.0_alpha.0.5_beta.1000.0_bs.32,3.5,0.7711665817626083,1.1538346380674878
kd.cls.False_MNLI-mm_nlayer.6_lr.5e-05_T.20.0_alpha.0.5_beta.1000.0_bs.32,3.5,0.7711665817626083,1.1538346380674878
kd.cls.True_QNLI_nlayer.6_lr.2e-05_T.20.0_alpha.0.7_beta.100.0_bs.32,2.0,0.8353468790042101,0.6442348190218385
kd.cls.True_QQP_nlayer.6_lr.5e-05_T.20.0_alpha.0.7_beta.10.0_bs.32,4.0,0.8945708632203808,0.749858994367002
