uname,epoch,acc,loss
kd.cls.True_MRPC_nlayer.6_lr.2e-05_T.20.0_alpha.0.5_beta.10.0_bs.32,4.0,0.8284313725490196,0.7119070199819711
kd.cls.True_SST-2_nlayer.6_lr.2e-05_T.20.0_alpha.0.2_beta.500.0_bs.32,2.5,0.9053899082568808,0.4230025155203683
kd.cls.True_RTE_nlayer.6_lr.1e-05_T.20.0_alpha.0.7_beta.1000.0_bs.32,1.0,0.667870036101083,0.6778700086805556
kd.cls.False_MNLI_nlayer.6_lr.5e-05_T.20.0_alpha.0.5_beta.100.0_bs.32,2.0,0.8145185939887927,0.6490632594602503
kd.cls.True_QNLI_nlayer.6_lr.5e-05_T.20.0_alpha.0.7_beta.10.0_bs.32,4.0,0.8895295625114406,0.3793495579769737
kd.cls.False_QQP_nlayer.6_lr.5e-05_T.20.0_alpha.0.7_beta.100.0_bs.32,4.0,0.90784071234232,0.5918785032780864
kd.cls.False_MNLI-mm_nlayer.6_lr.5e-05_T.20.0_alpha.0.5_beta.100.0_bs.32,2.0,0.8145185939887927,0.6490632594602503
