uname,epoch,acc,loss
kd_MRPC_nlayer.12_lr.2e-05_T.10.0_alpha.0.0_beta.0.0_bs.32,2.3333333333333335,0.869281045751634,0.38386731270032054
kd_SST-2_nlayer.12_lr.2e-05_T.10.0_alpha.0.0_beta.0.0_bs.32,4.0,0.9258409785932722,0.3137593496413458
kd_RTE_nlayer.12_lr.2e-05_T.10.0_alpha.0.0_beta.0.0_bs.32,3.0,0.6943441636582431,0.8798647280092592
kd_MNLI_nlayer.12_lr.2e-05_T.10.0_alpha.0.0_beta.0.0_bs.32,3.0,0.8350144336899303,0.741842023453935
kd_QNLI_nlayer.12_lr.2e-05_T.10.0_alpha.0.0_beta.0.0_bs.32,2.0,0.9108548416620904,0.29506797121282213
kd_QQP_nlayer.12_lr.2e-05_T.10.0_alpha.0.0_beta.0.0_bs.32,4.0,0.909151620084096,0.5452558897152732
kd_MNLI-mm_nlayer.12_lr.2e-05_T.10.0_alpha.0.0_beta.0.0_bs.32,3.0,0.8350144336899303,0.741842023453935
kd_race-merge_nlayer.12_lr.2e-05_T.10.0_alpha.0.0_beta.0.0_bs.32,4.0,0.6748516472273378,1.1204232125529143
