uname,epoch,acc,loss
kd_MRPC_nlayer.24_lr.2e-05_T.10.0_alpha.0.0_beta.0.0_bs.32,2.3333333333333335,0.8545751633986928,0.41609387520032054
kd_SST-2_nlayer.24_lr.2e-05_T.10.0_alpha.0.0_beta.0.0_bs.32,3.0,0.9283256880733946,0.24534777232578822
kd_RTE_nlayer.24_lr.1e-05_T.10.0_alpha.0.0_beta.0.0_bs.32,3.6666666666666665,0.7148014440433214,0.8014142071759259
kd_MNLI_nlayer.24_lr.2e-05_T.10.0_alpha.0.0_beta.0.0_bs.32,4.0,0.8593988792664289,0.8620267450227023
kd_MNLI-mm_nlayer.24_lr.2e-05_T.10.0_alpha.0.0_beta.0.0_bs.32,4.0,0.8593988792664289,0.8620267450227023
kd_QNLI_nlayer.24_lr.2e-05_T.10.0_alpha.0.0_beta.0.0_bs.32,4.0,0.9206479956068094,0.44646703011808336
kd_QQP_nlayer.24_lr.2e-05_T.10.0_alpha.0.0_beta.0.0_bs.32,4.0,0.9146549591887213,0.5194110413895379
