uname,epoch,acc,loss
kd_MRPC_nlayer.12_lr.2e-05_T.10.0_alpha.0.0_beta.0.0_bs.32-run-3,3.0,0.875,0.4575383112980769
kd_SST-2_nlayer.12_lr.2e-05_T.10.0_alpha.0.0_beta.0.0_bs.32-run-1,4.0,0.9300458715596329,0.3010572705950056
kd_RTE_nlayer.12_lr.2e-05_T.10.0_alpha.0.0_beta.0.0_bs.32-run-1,4.0,0.7292418772563177,1.0061848958333333
kd_MNLI_nlayer.12_lr.2e-05_T.10.0_alpha.0.0_beta.0.0_bs.32-run-3,4.0,0.8373917473255221,0.8783750254478827
kd_QNLI_nlayer.12_lr.2e-05_T.10.0_alpha.0.0_beta.0.0_bs.32-run-1,2.0,0.9114039904814204,0.2869332742969892
kd_QQP_nlayer.12_lr.2e-05_T.10.0_alpha.0.0_beta.0.0_bs.32-run-1,4.0,0.9104377937175364,0.5424494669784473
kd_MNLI-mm_nlayer.12_lr.2e-05_T.10.0_alpha.0.0_beta.0.0_bs.32-run-3,4.0,0.8373917473255221,0.8783750254478827
kd_race-merge_nlayer.12_lr.2e-05_T.10.0_alpha.0.0_beta.0.0_bs.32-run-1,4.0,0.6748516472273378,1.1204232125529143
