uname,epoch,acc,loss
kd_MRPC_nlayer.24_lr.2e-05_T.10.0_alpha.0.0_beta.0.0_bs.32-run-2,2.0,0.8774509803921569,0.38614595853365385
kd_SST-2_nlayer.24_lr.2e-05_T.10.0_alpha.0.0_beta.0.0_bs.32-run-2,4.0,0.9288990825688074,0.24524266379220144
kd_RTE_nlayer.24_lr.1e-05_T.10.0_alpha.0.0_beta.0.0_bs.32-run-2,3.0,0.740072202166065,0.7733832465277778
kd_MNLI_nlayer.24_lr.2e-05_T.10.0_alpha.0.0_beta.0.0_bs.32-run-1,4.0,0.8599083036169128,0.8486315745872473
kd_MNLI-mm_nlayer.24_lr.2e-05_T.10.0_alpha.0.0_beta.0.0_bs.32-run-1,4.0,0.8599083036169128,0.8486315745872473
kd_QNLI_nlayer.24_lr.2e-05_T.10.0_alpha.0.0_beta.0.0_bs.32-run-1,4.0,0.9216547684422478,0.40383940691139264
kd_QQP_nlayer.24_lr.2e-05_T.10.0_alpha.0.0_beta.0.0_bs.32-run-2,4.0,0.9156566905763048,0.5056917520263527
